Search No,Folder,Focused aim,Key outputs to capture
S01,01_Brand_Tier_Segmentation,"Define premium/luxe vs mass/consumer beauty packaging requirements and justify segmentation using credible sources.","Definitions; why premium and mass differ; packaging implications; source-backed segmentation rationale."
S02,02_Current_Primary_Packaging_Materials,"Identify current common primary packaging materials used in cosmetics and personal care by format.","Materials by bottle/jar/tube/pouch/cap/pump/compact; format-material fit; premium vs mass use."
S03,03_Current_Secondary_Tertiary_Packaging_Materials,"Identify current common secondary and tertiary packaging materials used in cosmetics.","Folding cartons; rigid boxes; inserts; trays; shippers; cushioning; labels/sleeves; current materials."
S04,04_Common_Material_Price_Baseline,"Build indicative global price baseline for common packaging materials.","PET; PP; HDPE; LDPE/PE; glass; aluminum; paperboard; corrugated; molded pulp; price source and region/date assumptions."
S05,05_Density_Weight_Baseline,"Build baseline for material density and weight drivers to support lightweighting evaluation.","Density; gram-weight drivers; typical material weight implications; why low density alone is not enough."
S06,06_Cosmetic_Compatibility_Regulatory_Constraints,"Identify material compatibility and safety/regulatory constraints for cosmetic packaging.","Compatibility with oils/fragrance/alcohol/surfactants/actives; migration/contact safety; barrier needs; regulatory references."
S07,07_Logistics_Cost_Weight_Link,"Establish how packaging weight affects logistics cost and related transport impacts.","Actual weight vs dimensional weight; freight/logistics cost logic; damage/return impact; emissions if relevant."
S08,08_Food_Beverage_Lightweight_Material_Transfer,"Find lightweight materials/technologies used in food and beverage packaging that may transfer to cosmetics.","Lightweighted PET; thin-wall containers; mono-material films; lightweight paperboard; commercial examples and fit."
S09,09_Pharma_Healthcare_Lightweight_Material_Transfer,"Find lightweight materials/technologies used in pharma/healthcare packaging that may transfer to cosmetics.","High-barrier plastics; tubes; blister/film learnings; lightweight bottles; safety and compatibility evidence."
S10,10_Auto_Aerospace_Electronics_Lightweight_Material_Scan,"Scan lightweight materials from automotive/aerospace/electronics and screen for cosmetic packaging feasibility.","Carbon fiber/titanium/magnesium elimination logic; aluminum; foams; honeycomb; composites; cost/practicality screen."
S11,11_Thin_Wall_Downgauged_Plastic_Packaging,"Research thin-wall and downgauged PET/PP/HDPE packaging as near-term lightweighting routes.","Weight reduction mechanism; material savings; fit for bottles/jars/caps; risks; supplier/commercial examples."
S12,12_Foamed_Microcellular_Plastic_Packaging,"Research foamed and microcellular plastics for lightweight molded packaging parts.","Foamed PP/PET/PE; MuCell-like processes; weight reduction ranges; surface/aesthetic issues; use cases."
S13,13_Flexible_Refill_Pouches_MonoMaterial_Films,"Research refill pouches and mono-material flexible films for weight reduction.","PE/PP mono-material pouches; refill model; weight/logistics benefits; limitations; recyclability and barrier."
S14,14_Lightweight_Tubes_Laminates,"Research lightweight cosmetic tubes including mono-material and laminate alternatives.","PE/PP tubes; laminate tubes; paper-based tubes; weight/cost/barrier; suitability by product type."
S15,15_Lightweight_Paperboard_Cartons,"Research lower-GSM, high-stiffness paperboard and lightweight carton solutions for secondary packaging.","GSM reduction; board grades; carton strength; printability; premium vs mass suitability."
S16,16_Molded_Pulp_Fiber_Inserts_Protective_Packaging,"Research molded pulp/fiber inserts and protective secondary packaging alternatives.","Plastic tray replacement; molded fiber trays; pulp inserts; cushioning; weight, cost, and appearance trade-offs."
S17,17_Barrier_Coated_Paper_Fiber_Materials,"Research barrier-coated paper/fiber materials for primary or secondary cosmetic packaging.","Moisture/oil/oxygen barrier coatings; paper tubes/jars; limitations with wet formulations; recyclability."
S18,18_Lightweight_Caps_Closures_Pumps_Dispensers,"Research material-led lightweighting for caps, closures, pumps, and dispensing systems.","Reduced-component pumps; lightweight PP/PE caps; refillable closures; material substitutions; cost and compatibility."
S19,19_PCR_Recycled_BioBased_Materials,"Evaluate PCR/recycled and bio-based materials for weight, cost, feasibility and cosmetic packaging fit.","rPET/rPP/rHDPE; bio-PET/PE; PLA/PHA; weight vs sustainability; cost premiums; technical limitations."
S20,20_Price_First_Screening_Decision_Matrix,"Develop price-first screening and decision matrix for all common and cross-industry lightweight material options.","Keep/maybe/remove material list; effective cost per functional pack; premium/mass fit; primary/secondary fit; final shortlist."
